{"cameraMode":{"drawMode":0,"name":"Shaded","section":"Shading Mode"},"sceneLighting":false,"audioPlay":false,"sceneViewState":{"m_AlwaysRefresh":false,"showFog":true,"showSkybox":false,"showFlares":true,"showImageEffects":true,"showParticleSystems":true,"showVisualEffectGraphs":true,"m_FxEnabled":true},"in2DMode":false,"pivot":{"x":0.39019522070884707,"y":3.2658050060272219,"z":0.8840709924697876},"rotation":{"x":0.2818785607814789,"y":0.5918325781822205,"z":-0.2322009652853012,"w":0.7187283635139465},"size":2.4448652267456056,"orthographic":false}