{"cameraMode":{"drawMode":0,"name":"Shaded","section":"Shading Mode"},"sceneLighting":false,"audioPlay":false,"sceneViewState":{"m_AlwaysRefresh":false,"showFog":true,"showSkybox":false,"showFlares":true,"showImageEffects":true,"showParticleSystems":true,"showVisualEffectGraphs":true,"m_FxEnabled":true},"in2DMode":false,"pivot":{"x":-2.134981393814087,"y":1.1296427249908448,"z":-0.05003600940108299},"rotation":{"x":0.15811719000339509,"y":-0.6444194316864014,"z":0.13857892155647279,"w":0.7353367209434509},"size":2.4448652267456056,"orthographic":false}