{"cameraMode":{"drawMode":0,"name":"Shaded","section":"Shading Mode"},"sceneLighting":false,"audioPlay":false,"sceneViewState":{"m_AlwaysRefresh":false,"showFog":true,"showSkybox":false,"showFlares":true,"showImageEffects":true,"showParticleSystems":true,"showVisualEffectGraphs":true,"m_FxEnabled":true},"in2DMode":false,"pivot":{"x":0.038292884826660159,"y":2.041959285736084,"z":-0.019761085510253907},"rotation":{"x":-0.012286136858165264,"y":-0.8558605909347534,"z":0.5168895125389099,"w":-0.02044384554028511},"size":3.5677731037139894,"orthographic":false}